method,training_seed,achievement,success_percent,episodes
natural,11,collect_coal,0,100
natural,11,collect_diamond,0,100
natural,11,collect_drink,69,100
natural,11,collect_iron,0,100
natural,11,collect_sapling,92,100
natural,11,collect_stone,10,100
natural,11,collect_wood,90,100
natural,11,defeat_skeleton,0,100
natural,11,defeat_zombie,32,100
natural,11,eat_cow,4,100
natural,11,eat_plant,0,100
natural,11,make_iron_pickaxe,0,100
natural,11,make_iron_sword,0,100
natural,11,make_stone_pickaxe,0,100
natural,11,make_stone_sword,0,100
natural,11,make_wood_pickaxe,32,100
natural,11,make_wood_sword,0,100
natural,11,place_furnace,0,100
natural,11,place_plant,91,100
natural,11,place_stone,0,100
natural,11,place_table,69,100
natural,11,wake_up,94,100
fixed_mix,11,collect_coal,9,100
fixed_mix,11,collect_diamond,0,100
fixed_mix,11,collect_drink,73,100
fixed_mix,11,collect_iron,0,100
fixed_mix,11,collect_sapling,86,100
fixed_mix,11,collect_stone,38,100
fixed_mix,11,collect_wood,91,100
fixed_mix,11,defeat_skeleton,4,100
fixed_mix,11,defeat_zombie,10,100
fixed_mix,11,eat_cow,9,100
fixed_mix,11,eat_plant,0,100
fixed_mix,11,make_iron_pickaxe,0,100
fixed_mix,11,make_iron_sword,0,100
fixed_mix,11,make_stone_pickaxe,2,100
fixed_mix,11,make_stone_sword,0,100
fixed_mix,11,make_wood_pickaxe,65,100
fixed_mix,11,make_wood_sword,37,100
fixed_mix,11,place_furnace,1,100
fixed_mix,11,place_plant,82,100
fixed_mix,11,place_stone,29,100
fixed_mix,11,place_table,88,100
fixed_mix,11,wake_up,94,100
fading_mix,11,collect_coal,1,100
fading_mix,11,collect_diamond,0,100
fading_mix,11,collect_drink,85,100
fading_mix,11,collect_iron,0,100
fading_mix,11,collect_sapling,83,100
fading_mix,11,collect_stone,24,100
fading_mix,11,collect_wood,94,100
fading_mix,11,defeat_skeleton,2,100
fading_mix,11,defeat_zombie,39,100
fading_mix,11,eat_cow,7,100
fading_mix,11,eat_plant,0,100
fading_mix,11,make_iron_pickaxe,0,100
fading_mix,11,make_iron_sword,0,100
fading_mix,11,make_stone_pickaxe,0,100
fading_mix,11,make_stone_sword,0,100
fading_mix,11,make_wood_pickaxe,42,100
fading_mix,11,make_wood_sword,46,100
fading_mix,11,place_furnace,0,100
fading_mix,11,place_plant,77,100
fading_mix,11,place_stone,17,100
fading_mix,11,place_table,75,100
fading_mix,11,wake_up,97,100
natural,23,collect_coal,3,100
natural,23,collect_diamond,0,100
natural,23,collect_drink,71,100
natural,23,collect_iron,0,100
natural,23,collect_sapling,93,100
natural,23,collect_stone,14,100
natural,23,collect_wood,96,100
natural,23,defeat_skeleton,0,100
natural,23,defeat_zombie,34,100
natural,23,eat_cow,13,100
natural,23,eat_plant,0,100
natural,23,make_iron_pickaxe,0,100
natural,23,make_iron_sword,0,100
natural,23,make_stone_pickaxe,0,100
natural,23,make_stone_sword,2,100
natural,23,make_wood_pickaxe,41,100
natural,23,make_wood_sword,43,100
natural,23,place_furnace,0,100
natural,23,place_plant,87,100
natural,23,place_stone,7,100
natural,23,place_table,83,100
natural,23,wake_up,95,100
fixed_mix,23,collect_coal,0,100
fixed_mix,23,collect_diamond,0,100
fixed_mix,23,collect_drink,73,100
fixed_mix,23,collect_iron,0,100
fixed_mix,23,collect_sapling,66,100
fixed_mix,23,collect_stone,0,100
fixed_mix,23,collect_wood,92,100
fixed_mix,23,defeat_skeleton,0,100
fixed_mix,23,defeat_zombie,18,100
fixed_mix,23,eat_cow,6,100
fixed_mix,23,eat_plant,0,100
fixed_mix,23,make_iron_pickaxe,0,100
fixed_mix,23,make_iron_sword,0,100
fixed_mix,23,make_stone_pickaxe,0,100
fixed_mix,23,make_stone_sword,0,100
fixed_mix,23,make_wood_pickaxe,1,100
fixed_mix,23,make_wood_sword,37,100
fixed_mix,23,place_furnace,0,100
fixed_mix,23,place_plant,59,100
fixed_mix,23,place_stone,0,100
fixed_mix,23,place_table,77,100
fixed_mix,23,wake_up,96,100
fading_mix,23,collect_coal,0,100
fading_mix,23,collect_diamond,0,100
fading_mix,23,collect_drink,74,100
fading_mix,23,collect_iron,0,100
fading_mix,23,collect_sapling,96,100
fading_mix,23,collect_stone,0,100
fading_mix,23,collect_wood,96,100
fading_mix,23,defeat_skeleton,4,100
fading_mix,23,defeat_zombie,33,100
fading_mix,23,eat_cow,5,100
fading_mix,23,eat_plant,0,100
fading_mix,23,make_iron_pickaxe,0,100
fading_mix,23,make_iron_sword,0,100
fading_mix,23,make_stone_pickaxe,0,100
fading_mix,23,make_stone_sword,0,100
fading_mix,23,make_wood_pickaxe,0,100
fading_mix,23,make_wood_sword,0,100
fading_mix,23,place_furnace,0,100
fading_mix,23,place_plant,89,100
fading_mix,23,place_stone,0,100
fading_mix,23,place_table,72,100
fading_mix,23,wake_up,94,100
natural,41,collect_coal,2,100
natural,41,collect_diamond,0,100
natural,41,collect_drink,79,100
natural,41,collect_iron,0,100
natural,41,collect_sapling,93,100
natural,41,collect_stone,11,100
natural,41,collect_wood,92,100
natural,41,defeat_skeleton,1,100
natural,41,defeat_zombie,30,100
natural,41,eat_cow,9,100
natural,41,eat_plant,0,100
natural,41,make_iron_pickaxe,0,100
natural,41,make_iron_sword,0,100
natural,41,make_stone_pickaxe,0,100
natural,41,make_stone_sword,0,100
natural,41,make_wood_pickaxe,48,100
natural,41,make_wood_sword,0,100
natural,41,place_furnace,0,100
natural,41,place_plant,82,100
natural,41,place_stone,0,100
natural,41,place_table,82,100
natural,41,wake_up,95,100
fixed_mix,41,collect_coal,3,100
fixed_mix,41,collect_diamond,0,100
fixed_mix,41,collect_drink,80,100
fixed_mix,41,collect_iron,0,100
fixed_mix,41,collect_sapling,86,100
fixed_mix,41,collect_stone,21,100
fixed_mix,41,collect_wood,94,100
fixed_mix,41,defeat_skeleton,2,100
fixed_mix,41,defeat_zombie,4,100
fixed_mix,41,eat_cow,6,100
fixed_mix,41,eat_plant,0,100
fixed_mix,41,make_iron_pickaxe,0,100
fixed_mix,41,make_iron_sword,0,100
fixed_mix,41,make_stone_pickaxe,0,100
fixed_mix,41,make_stone_sword,0,100
fixed_mix,41,make_wood_pickaxe,51,100
fixed_mix,41,make_wood_sword,1,100
fixed_mix,41,place_furnace,0,100
fixed_mix,41,place_plant,85,100
fixed_mix,41,place_stone,15,100
fixed_mix,41,place_table,80,100
fixed_mix,41,wake_up,95,100
fading_mix,41,collect_coal,3,100
fading_mix,41,collect_diamond,0,100
fading_mix,41,collect_drink,74,100
fading_mix,41,collect_iron,0,100
fading_mix,41,collect_sapling,85,100
fading_mix,41,collect_stone,17,100
fading_mix,41,collect_wood,99,100
fading_mix,41,defeat_skeleton,0,100
fading_mix,41,defeat_zombie,28,100
fading_mix,41,eat_cow,11,100
fading_mix,41,eat_plant,0,100
fading_mix,41,make_iron_pickaxe,0,100
fading_mix,41,make_iron_sword,0,100
fading_mix,41,make_stone_pickaxe,0,100
fading_mix,41,make_stone_sword,0,100
fading_mix,41,make_wood_pickaxe,46,100
fading_mix,41,make_wood_sword,69,100
fading_mix,41,place_furnace,0,100
fading_mix,41,place_plant,77,100
fading_mix,41,place_stone,14,100
fading_mix,41,place_table,87,100
fading_mix,41,wake_up,97,100
