source,target,condition,n,actual_reward,prior,posterior,loss,probability
constructed_prefix,collect_coal,first,4,1.0,0.15103975468416175,1.2083411249363962e-07,16.987584114074707,3.021497577471166e-05
constructed_prefix,collect_iron,first,4,1.0,6.052461014860455e-05,8.984386885657614e-05,13.198773860931396,7.362891341244904e-05
constructed_prefix,collect_stone,first,4,1.0,0.0004059513779708368,1.0561985241963612e-05,13.75082540512085,0.011905433335641646
constructed_prefix,collect_wood,first,4,1.0,1.8630647128856093e-06,3.1006026596572256e-07,18.02552032470703,0.49739688868758924
constructed_prefix,make_iron_pickaxe,first,4,1.0,0.0002618945963077657,7.708335102929453e-05,14.715248584747314,1.1320919702620153e-08
constructed_prefix,make_stone_pickaxe,first,4,1.0,4.435598641855387e-09,8.922205321781895e-09,23.00977897644043,4.491890898822293e-08
constructed_prefix,make_wood_pickaxe,first,4,1.0,1.9783199025667156e-11,2.282845943512847e-10,26.44261121749878,7.70939515756447e-10
constructed_prefix,place_furnace,first,4,1.0,4.309910899089747e-09,6.421233019263117e-09,20.915521144866943,3.773929953572803e-11
constructed_prefix,place_table,first,4,1.0,1.1349127243781016e-07,0.026038769879004164,15.39940869808197,7.571943748088488e-12
constructed_target,collect_coal,blocked,4,0.0,1.1449534019665475e-08,3.0764391498183663e-07,2.980232238769531e-07,4.284163512835448e-08
constructed_target,collect_coal,first,4,1.0,1.3250539811909823e-07,2.3396279741350057e-06,17.467020750045776,1.0797698712927684e-07
constructed_target,collect_coal,repeat,4,0.0,0.0010904142795089555,1.3295365931753622e-05,1.329183578491211e-05,5.948988572868075e-07
constructed_target,collect_diamond,blocked,4,0.25,0.04947270391949132,0.0003718241398811273,2.0546945482492447,0.3763079404883669
constructed_target,collect_diamond,first,4,1.0,0.019197117918338336,3.7026145719210035e-05,14.590157985687256,0.1383460567184187
constructed_target,collect_diamond,repeat,4,0.0,0.22190350000710168,0.00024703564494643615,0.00028102099895477295,4.781891768737556e-07
constructed_target,collect_iron,blocked,4,0.0,0.00036528317447448444,4.582281426357415e-06,4.5299530029296875e-06,0.0007953931756143895
constructed_target,collect_iron,first,4,1.0,1.604445493497142e-05,8.86542127265244e-06,14.57529354095459,0.00047425324567257343
constructed_target,collect_iron,repeat,4,0.0,0.003702036779479556,1.626263608933698e-05,1.621246337890625e-05,0.0003090939648035789
constructed_target,collect_stone,blocked,4,0.0,6.875904134256983e-10,1.479912660265481e-07,1.1920928955078125e-07,1.895330080659008e-07
constructed_target,collect_stone,first,4,1.0,3.734994985168938e-09,9.689431867965226e-08,18.594292163848877,2.997574985452722e-08
constructed_target,collect_stone,repeat,4,0.0,2.7755952039854037e-05,2.902896571788105e-06,2.8014183044433594e-06,2.229587658675314e-05
constructed_target,make_iron_pickaxe,blocked,4,0.0,0.00031712357884217113,2.093297207750311e-05,2.156198024749756e-05,1.2064098645563043e-09
constructed_target,make_iron_pickaxe,first,4,1.0,0.0002456356089055589,3.660403091743092e-05,13.31392526626587,2.2928832827418e-09
constructed_target,make_iron_pickaxe,repeat,4,0.0,6.435643614167985e-07,3.286028113502759e-08,0.0,2.4233334533252686e-11
constructed_target,make_stone_pickaxe,blocked,4,0.0,2.86169604939851e-10,8.697608648924882e-10,0.0,1.3600631287857823e-08
constructed_target,make_stone_pickaxe,first,4,1.0,7.386411913969798e-11,3.428348389141085e-10,24.34004783630371,6.3161891272756066e-09
constructed_target,make_stone_pickaxe,repeat,4,0.0,3.3130212982734886e-12,-2.6661272972065397e-09,0.0,1.1158902193768305e-08
constructed_target,make_wood_pickaxe,blocked,4,0.0,8.184062966356281e-13,8.854822729816979e-10,0.0,9.511937710371033e-11
constructed_target,make_wood_pickaxe,first,4,1.0,4.2918065441260383e-13,5.486508836361143e-10,26.08677911758423,1.984879340549423e-09
constructed_target,make_wood_pickaxe,repeat,4,0.0,-1.2359897334633935e-17,-9.778423135838325e-11,0.0,9.408924851775376e-16
constructed_target,place_furnace,blocked,4,0.0,2.8339205249941664e-08,1.1471903354348667e-08,0.0,8.254218868103036e-14
constructed_target,place_furnace,first,4,1.0,1.079233101573384e-08,1.9593171564358247e-08,21.355165004730225,3.1514082492294364e-13
constructed_target,place_furnace,repeat,4,0.0,8.485185891589364e-09,-8.993483258459833e-09,2.9802322387695312e-08,1.4033156525524427e-12
natural,collect_coal,first,2,1.0,0.3080359371379018,0.07687361724674702,3.6559557914733887,0.9943579733371735
natural,collect_drink,first,4,1.0,0.5854008604082992,0.6395885714782708,3.4695791751146317,0.938023030757904
natural,collect_sapling,first,6,1.0,0.2988806337032437,0.997675895690918,0.6687966187795004,0.9998220304648081
natural,collect_stone,first,3,1.0,0.7458165089289347,0.8496034741401672,0.8862619201342264,0.8285120129585266
natural,collect_wood,first,6,1.0,0.8293518365050355,0.9465658366680145,0.7359598577022552,0.9999992450078329
natural,defeat_zombie,first,2,1.0,0.004908511022222228,0.0009742865804582834,8.456122398376465,0.7223104536533356
natural,make_wood_pickaxe,first,4,1.0,0.9274716824293137,0.9188465178012848,0.7839380949735641,0.9999739676713943
natural,make_wood_sword,first,5,1.0,0.9055630922317505,0.9138193845748901,0.7819046258926392,0.9979009866714478
natural,place_furnace,first,3,1.0,0.410051745052139,0.26541923731565475,2.529942274093628,0.9862718383471171
natural,place_plant,first,6,1.0,0.8424117267131805,0.8315447047352791,1.0849065979321797,0.9996273318926493
natural,place_stone,first,3,1.0,0.5251996616522471,0.4403900106747945,1.9950356880823772,1.0
natural,place_table,first,6,1.0,0.8084071840470036,0.747464723031347,1.645643840233485,0.9245305260022482
natural,wake_up,first,6,0.9666666666666667,1.0020368099212646,0.9663885831832886,0.6850537161032358,1.0
