target,n,actual_reward,prior,reset_prior,posterior,reset_posterior,probability,reset_probability
collect_coal,2,1.0,0.3080359371379018,0.12613428147164996,0.07687361724674702,9.817854788707336e-06,0.9943579733371735,0.16942840768024325
collect_drink,4,1.0,0.5854008604082992,9.664700618960964e-05,0.6395885714782708,0.04781275753933212,0.938023030757904,0.0445255861923215
collect_sapling,6,1.0,0.2988806337032437,0.20915572419101217,0.997675895690918,0.9400838613510132,0.9998220304648081,0.661838909999157
collect_stone,3,1.0,0.7458165089289347,5.0275661989673814e-06,0.8496034741401672,3.371741717680029e-06,0.8285120129585266,0.23196066031656906
collect_wood,6,1.0,0.8293518365050355,0.0001067783678482843,0.9465658366680145,0.0007690372506015429,0.9999992450078329,0.2764567378932649
defeat_zombie,2,1.0,0.004908511022222228,0.006448682630434632,0.0009742865804582834,2.1007896293667727e-06,0.7223104536533356,5.249681453278754e-05
make_wood_pickaxe,4,1.0,0.9274716824293137,1.4155949806838885e-17,0.9188465178012848,-1.6784900468163887e-14,0.9999739676713943,3.609037364354692e-08
make_wood_sword,5,1.0,0.9055630922317505,2.440399232220765e-12,0.9138193845748901,1.4021317843492622e-07,0.9979009866714478,5.989033803325996e-12
place_furnace,3,1.0,0.410051745052139,2.720746524849498e-12,0.26541923731565475,-0.0007691432875181666,0.9862718383471171,4.2700002405262884e-10
place_plant,6,1.0,0.8424117267131805,0.5275140453330778,0.8315447047352791,0.595891504082033,0.9996273318926493,0.6617234188404977
place_stone,3,1.0,0.5251996616522471,8.755891080985107e-09,0.4403900106747945,1.8936243969119137e-08,1.0,2.3674470764845427e-15
place_table,6,1.0,0.8084071840470036,9.236057270584447e-14,0.747464723031347,1.108073016031055e-09,0.9245305260022482,1.6158102885628102e-20
wake_up,6,0.9666666666666667,1.0020368099212646,0.05633637594217422,0.9663885831832886,0.21516835565038642,1.0,0.9289067188898722
