model,step,level,episodes,score,checkpoint_sha256,collect_coal,collect_diamond,collect_drink,collect_iron,collect_sapling,collect_stone,collect_wood,defeat_skeleton,defeat_zombie,eat_cow,eat_plant,make_iron_pickaxe,make_iron_sword,make_stone_pickaxe,make_stone_sword,make_wood_pickaxe,make_wood_sword,place_furnace,place_plant,place_stone,place_table,wake_up
source,600000,stonepick,30,6.28533235525578,bd026df853ee976d780bec13824dc4a21aeaed587673aa3170735d9a128b4443,6,0,17,0,28,0,0,0,11,6,0,0,0,1,5,0,13,10,26,30,0,30
source,600000,ironpick,30,3.7904725127241035,bd026df853ee976d780bec13824dc4a21aeaed587673aa3170735d9a128b4443,0,0,12,0,20,0,0,2,12,3,0,0,0,0,0,0,13,1,18,28,0,26
source,600000,natural,30,11.761181721259018,bd026df853ee976d780bec13824dc4a21aeaed587673aa3170735d9a128b4443,7,0,20,0,27,16,29,0,12,5,0,0,0,0,0,21,19,8,26,11,27,29
control,610000,stonepick,30,4.803232480487233,4e862ea2d81dd872c302b92f4c66bf3f94ac201a1e78a061b46d3dfa1be55e28,4,0,19,0,25,0,0,0,15,3,0,0,0,0,0,0,18,9,23,30,0,29
control,610000,ironpick,30,3.72959095327683,4e862ea2d81dd872c302b92f4c66bf3f94ac201a1e78a061b46d3dfa1be55e28,0,0,16,0,27,0,0,1,16,3,0,0,0,0,0,0,21,0,24,30,0,28
control,610000,natural,30,12.229794877919977,4e862ea2d81dd872c302b92f4c66bf3f94ac201a1e78a061b46d3dfa1be55e28,4,0,21,0,30,12,28,1,12,4,0,0,0,0,0,18,23,8,29,12,27,29
explore,610000,stonepick,30,5.414491358854244,e37c70d4ec3a045974cf251d0e3021a72b479fcc1c9441322aefee10e225ee69,6,0,14,0,27,0,0,1,16,3,0,0,0,0,0,0,29,8,27,30,0,29
explore,610000,ironpick,30,3.8483114200220454,e37c70d4ec3a045974cf251d0e3021a72b479fcc1c9441322aefee10e225ee69,0,0,13,0,30,0,0,1,11,5,0,0,0,0,0,0,30,0,30,27,0,30
explore,610000,natural,30,11.061154639334685,e37c70d4ec3a045974cf251d0e3021a72b479fcc1c9441322aefee10e225ee69,2,0,12,0,28,10,30,2,16,3,0,0,0,0,0,16,20,4,28,8,28,30
cr,610000,stonepick,30,5.1162504781910005,11f405f70c7b70fc27e5a974f64b46a4f6a1a9657ed5990db9910e6b3cdc13ac,7,0,18,0,28,0,0,0,9,4,0,0,0,0,0,0,29,10,28,30,0,30
cr,610000,ironpick,30,3.805584748402441,11f405f70c7b70fc27e5a974f64b46a4f6a1a9657ed5990db9910e6b3cdc13ac,0,0,19,0,28,0,0,0,17,4,0,0,0,0,0,0,30,1,28,15,0,28
cr,610000,natural,30,12.744025348775757,11f405f70c7b70fc27e5a974f64b46a4f6a1a9657ed5990db9910e6b3cdc13ac,5,0,20,0,28,19,28,1,7,6,0,0,0,0,0,23,24,8,28,14,28,29
